user_id,user_name,Age,Gender,Marital Status,Occupation
UR-25681,Claire Ferguson,20,Female,Single,Student
UR-26055,Jennifer Young,24,Female,Single,Student
UR-25955,Jermaine Roberson,22,Male,Single,Student
UR-26093,Rachel Carpenter,22,Female,Single,Student
UR-25602,Shawn Parker,22,Male,Single,Student
UR-25881,Timothy Clark,27,Female,Married,Employee
UR-25696,Alexander Lucas,22,Male,Single,Student
UR-25687,Christopher Curry,24,Female,Single,Student
UR-25643,Daniel Mercado,23,Female,Single,Student
UR-25851,Tony Lawrence,23,Female,Single,Student
UR-25703,Scott Sherman,22,Female,Single,Student
UR-25887,Michael Gilbert,23,Male,Single,Student
UR-25923,Alex Cortez,23,Male,Single,Student
UR-25756,Micheal King,21,Male,Single,Student
UR-25761,Daniel Lopez,23,Female,Single,Self Employeed
UR-25655,Carla Frye,24,Female,Single,Student
UR-25786,Theresa Murphy,28,Female,Single,Employee
UR-26095,Antonio Brown,23,Female,Single,Student
UR-25853,Kyle Hall,25,Male,Single,Student
UR-25735,Adrienne Davidson,21,Female,Single,Student
UR-25910,Chris Gonzalez,24,Male,Single,Student
UR-25950,Patrick Ibarra,22,Male,Single,Student
UR-25744,Christopher Smith,22,Female,Single,Student
UR-25845,Willie Glass,23,Male,Single,Student
UR-26001,Danielle Soto,21,Male,Single,Student
UR-25830,Matthew Carter,25,Male,Single,Student
UR-25842,Mr. Jeffrey Smith,22,Female,Single,Student
UR-25778,Terri Lawson,22,Male,Single,Student
UR-25686,Danielle Rasmussen,23,Female,Single,Employee
UR-25754,Brady Ramirez,22,Male,Single,Student
UR-26048,Randall Ross,22,Female,Single,Employee
UR-25816,Thomas Hughes,22,Male,Single,Student
UR-26022,Erica Bradley,25,Male,Married,Employee
UR-25883,Kristin Carter,22,Female,Single,Student
UR-26003,Martin Barnes,22,Female,Single,Student
UR-26097,Christopher Williams,25,Male,Single,Student
UR-25710,Timothy Warner,25,Male,Single,Student
UR-25797,Brandon Blankenship,32,Female,Prefer not to say,House wife
UR-25618,Taylor Mcdaniel,23,Female,Single,Student
UR-25723,Kimberly Shah,23,Female,Single,Student
UR-25755,Keith Sheppard,30,Male,Married,Self Employeed
UR-25788,Diana Mitchell,23,Male,Single,Student
UR-25681,Luke Evans,23,Male,Single,Student
UR-25991,Mallory Tucker,22,Female,Single,Student
UR-25779,Terrance Baker,22,Male,Single,Student
UR-25909,Andrew Baker,27,Female,Married,Self Employeed
UR-25943,Cynthia Gray,24,Female,Single,Student
UR-25935,Daniel Martinez,23,Male,Single,Student
UR-25613,William Collier,23,Female,Single,Student
UR-25729,Anthony Vargas,22,Female,Single,Student
UR-25772,Sharon Bell,23,Female,Single,Student
UR-25655,Tina Lambert,23,Female,Single,Student
UR-25640,James Davenport,24,Male,Single,Student
UR-25810,Amy Williams,25,Male,Single,Student
UR-25801,Brian Brown,22,Male,Single,Student
UR-26085,Dr. Christopher Buckley,28,Female,Married,Student
UR-25868,Elizabeth Mitchell,22,Female,Single,Student
UR-25714,Sharon Scott,24,Female,Single,Student
UR-25784,Kathy Yates,31,Male,Married,Employee
UR-25608,Bryce Morgan,25,Male,Single,Student
UR-26051,Antonio Ponce,23,Male,Single,Student
UR-25900,Thomas Evans,22,Male,Single,Student
UR-25760,Jamie White,23,Male,Single,Student
UR-25762,Alexandria Weber,23,Male,Single,Student
UR-25995,James Ruiz,23,Female,Single,Student
UR-25965,Louis Lee,25,Male,Single,Student
UR-25967,Erin Torres,24,Male,Single,Employee
UR-25674,Roger Johnson,23,Female,Single,Student
UR-25929,James Powers,23,Female,Single,Student
UR-25777,Sara Davis,24,Female,Married,Employee
UR-26006,Hunter Wood,22,Male,Single,Student
UR-25697,Michael Williams,24,Female,Single,Student
UR-25667,Brett Anderson,25,Female,Single,Student
UR-25836,Stacey Cross,23,Male,Single,Student
UR-25984,Curtis Thomas,26,Male,Single,Student
UR-25728,Carrie Evans,24,Female,Single,Student
UR-25757,Jason Macias,26,Male,Single,Student
UR-25957,Ronald Ramirez,21,Male,Single,Student
UR-26061,Mark Carter,22,Female,Single,Student
UR-25735,Tracy Haynes,24,Male,Single,Student
UR-25616,Mary Williams,24,Male,Single,Student
UR-25666,Billy Brewer,23,Female,Single,Student
UR-25675,Rachel Pearson,23,Male,Single,Student
UR-26079,Vanessa Ortiz,22,Male,Single,Student
UR-25850,Austin Barr,23,Male,Single,Student
UR-25693,Dustin Morrison,24,Female,Single,Student
UR-25852,Kimberly Lowery,24,Male,Single,Student
UR-25860,Dylan Black,25,Male,Single,Student
UR-25853,Jessica Gomez,25,Male,Single,Student
UR-25898,Daniel Russell,28,Male,Married,Self Employeed
UR-26100,Amy Kennedy,27,Female,Prefer not to say,Employee
UR-25653,Jeffrey Lawrence,26,Male,Single,Self Employeed
UR-25839,Gabriella Johnson,22,Male,Single,Student
UR-25651,Makayla Curtis,24,Female,Single,Student
UR-25957,Scott Smith,23,Male,Single,Student
UR-25704,Laura Marks,25,Male,Single,Student
UR-25730,Charles Phillips,23,Female,Single,Student
UR-26052,Karen Rivera,23,Female,Single,Student
UR-25656,Brian Kennedy,26,Male,Married,Employee
UR-26033,Courtney Lucas,32,Female,Married,House wife
UR-25850,Howard White,24,Female,Single,Student
UR-25945,Spencer Martin,23,Male,Single,Student
UR-26086,Lauren Swanson,22,Female,Single,Employee
UR-25752,Katelyn Davis,24,Female,Single,Student
UR-26098,Tara Sullivan,26,Male,Single,Employee
UR-26067,Abigail Hancock,28,Male,Married,Employee
UR-25730,Rachel Cole,26,Male,Single,Employee
UR-25986,Sara Haley,25,Male,Single,Student
UR-26067,Sandra Kelly,25,Male,Single,Employee
UR-25953,Robert Smith,18,Male,Single,Student
UR-25952,Rachael King,21,Male,Single,Student
UR-25903,Lisa Shelton,25,Male,Single,Student
UR-25650,Jason Torres,25,Male,Single,Student
UR-25970,Christopher Ellison,23,Female,Single,Student
UR-26062,Tiffany Sanders,23,Male,Single,Employee
UR-25643,Michele Sparks,25,Female,Married,Employee
UR-25632,Daniel Dunlap,31,Female,Married,House wife
UR-25821,Christopher Lawrence,24,Male,Prefer not to say,Self Employeed
UR-25878,Yvonne Jefferson,32,Female,Married,Employee
UR-25752,Christine Green,25,Male,Single,Employee
UR-25750,Todd Williams,27,Female,Married,Self Employeed
UR-25657,Sabrina Skinner,26,Male,Single,Self Employeed
UR-25787,Gabriel Gonzalez,26,Female,Single,Self Employeed
UR-25808,Jake Smith,32,Male,Married,Employee
UR-25885,Tyler Mcgee,24,Male,Married,Self Employeed
UR-25778,Leslie Williams,27,Female,Married,Self Employeed
UR-25759,Jessica Proctor,23,Male,Single,Student
UR-25747,Isaiah Johnson,25,Male,Single,Student
UR-25878,Vanessa Ortega,23,Male,Single,Student
UR-25603,Sara Sandoval,23,Female,Single,Student
UR-25691,Vincent Beck,28,Male,Married,Employee
UR-25607,Angela Fletcher,32,Female,Married,Employee
UR-25708,Tyler Hodges,23,Male,Single,Student
UR-26021,Randall Mendez,19,Male,Single,Student
UR-25831,Mr. Alex Brown,19,Female,Single,Student
UR-25850,Alejandra Hansen,27,Female,Married,Employee
UR-25670,Joseph Davis,25,Male,Single,Self Employeed
UR-25852,Brandon Pope,33,Male,Married,Employee
UR-26029,Zachary Martin,26,Female,Single,Employee
UR-25959,Sean Parker,22,Female,Single,Student
UR-25676,Frederick Serrano,23,Male,Single,Student
UR-26097,Robert Marshall,22,Female,Single,Student
UR-25888,Donald Gould,25,Male,Married,Employee
UR-25911,Peter Williams,30,Female,Married,House wife
UR-25662,Eduardo Hernandez,24,Male,Single,Student
UR-25950,Lindsey King,25,Male,Single,Employee
UR-25847,Gabrielle Hudson,23,Male,Single,Student
UR-25796,Dale Warren,24,Female,Single,Student
UR-25693,Michelle Poole,32,Male,Married,Employee
UR-25993,Steven Ortiz,22,Male,Single,Student
UR-26052,Cynthia Bautista,23,Male,Single,Student
UR-25930,Adam Schmidt,23,Female,Single,Student
UR-25785,Andrea Peterson,20,Male,Single,Student
UR-26093,Amy Williams DVM,21,Male,Single,Student
UR-26053,David Robinson,24,Female,Married,Self Employeed
UR-26019,Herbert Figueroa,23,Female,Single,Student
UR-26070,David Edwards,25,Male,Single,Employee
UR-25870,Stacey Guerra,32,Female,Married,House wife
UR-25855,Kari Smith,27,Male,Married,Employee
UR-25602,Luke Ryan,20,Female,Single,Student
UR-25728,Lawrence Khan,21,Male,Single,Student
UR-25803,Mary Gutierrez,26,Male,Single,Employee
UR-25996,Deborah Huff,25,Male,Single,Employee
UR-26078,Jacob Adams,26,Male,Single,Employee
UR-25803,Cassandra Mendoza,26,Female,Married,Employee
UR-25682,Antonio Alvarez,27,Male,Single,Employee
UR-25749,Vicki Black,27,Female,Single,Student
UR-25962,Tyler Bell,24,Female,Single,Student
UR-25899,Marcus Cox,25,Male,Married,Self Employeed
UR-25845,Joshua Armstrong,20,Male,Single,Student
UR-25951,Aaron White,22,Male,Single,Student
UR-25828,Ryan Christensen DVM,26,Female,Married,Student
UR-25803,Heather Wilson,27,Male,Prefer not to say,Employee
UR-25656,Cassandra Bryan,25,Female,Single,Student
UR-25681,Jacob Smith,24,Male,Single,Employee
UR-25658,Adrian Harris,23,Female,Single,Employee
UR-25698,Lance Kelley,22,Male,Single,Student
UR-25832,Veronica Miller,26,Male,Married,Self Employeed
UR-25886,David Harvey,26,Male,Single,Employee
UR-25897,Sarah Schaefer,25,Female,Married,Self Employeed
UR-25873,Cassie Collins,29,Female,Married,Employee
UR-25858,Eric Cox,23,Male,Single,Student
UR-25867,Heidi Hernandez,22,Female,Single,Employee
UR-25633,Eric Kim,22,Male,Single,Student
UR-25609,Charles Thomas,32,Female,Married,House wife
UR-25896,Joseph Stevens,28,Male,Married,Employee
UR-26000,Robert Porter,22,Male,Single,Student
UR-25959,Alexandra Cox,25,Male,Single,Employee
UR-25940,Billy Ayala,26,Female,Married,Employee
UR-26087,Dr. Nathaniel Sanchez,31,Male,Married,Self Employeed
UR-26055,Melissa York,24,Male,Single,Student
UR-25980,Devon Gonzales,24,Male,Single,Employee
UR-25653,Erik Richard,31,Female,Married,Employee
UR-26052,David Bauer,26,Male,Single,Employee
UR-25877,Amy Wright,24,Female,Married,Self Employeed
UR-25608,Jeffrey Jennings,22,Female,Single,Student
UR-25897,Mr. Keith Wheeler Jr.,19,Male,Single,Student
UR-25881,Sherry Page MD,25,Male,Married,Employee
UR-25905,Nicole Campos,23,Female,Married,House wife
UR-25818,John King,23,Female,Single,Student
UR-25835,Derek Smith,23,Male,Single,Student
UR-26081,Donald Morales,24,Male,Single,Student
UR-25730,Charles Salinas,22,Female,Single,Employee
UR-25837,Lisa Logan,26,Male,Married,Employee
UR-25893,Breanna Cruz,25,Female,Single,Student
UR-25689,Jennifer Gilmore,20,Male,Single,Student
UR-26028,Gregory Rodriguez,29,Male,Married,Employee
UR-26081,Taylor Chapman,23,Female,Single,Student
UR-25903,Nichole Burnett,25,Male,Single,Self Employeed
UR-25651,Antonio Silva,29,Female,Married,Employee
UR-25903,Amanda Dunn,27,Male,Married,Self Employeed
UR-26086,Daniel Burns,25,Male,Single,Self Employeed
UR-25654,Crystal Jones,21,Male,Single,Student
UR-25720,Sierra Reilly,23,Male,Single,Student
UR-26057,Elizabeth Lee,24,Female,Single,Employee
UR-25798,Jason Flores,32,Male,Married,Self Employeed
UR-25961,Dennis Thompson,28,Male,Married,Employee
UR-25701,William Wheeler,26,Male,Single,Employee
UR-26055,Henry Kim,31,Female,Married,House wife
UR-25653,Mark Smith,27,Female,Married,Self Employeed
UR-25670,Amber Oneal,21,Female,Single,Student
UR-26056,Bradley Clark,23,Female,Single,Student
UR-26061,Zoe Clark,26,Male,Married,Employee
UR-25602,Vincent Chan,32,Male,Married,Employee
UR-26016,Kenneth Wu,25,Female,Married,Student
UR-25873,Michael Ingram,28,Male,Single,Self Employeed
UR-25761,Autumn Bryant,21,Female,Single,Student
UR-25819,Samantha Mitchell,24,Male,Single,Student
UR-25853,Kelly Nash,26,Female,Married,Self Employeed
UR-25662,John Haney,32,Male,Married,Employee
UR-25993,Sarah Berg,29,Male,Single,Self Employeed
UR-25703,Shawn Mooney,21,Male,Single,Student
UR-25848,Kevin Myers,24,Female,Single,Self Employeed
UR-25678,Allen Smith,26,Male,Prefer not to say,Self Employeed
UR-25925,Patricia Hanson,25,Male,Married,Employee
UR-25977,Melissa Fisher,29,Male,Single,Employee
UR-25797,Jennifer Bell,22,Male,Single,Student
UR-26067,Howard Pratt,24,Male,Single,Student
UR-25810,Colleen Walker,27,Male,Married,Employee
UR-25648,Wendy Valdez,23,Female,Single,Student
UR-25933,Katie Dominguez,32,Male,Married,Employee
UR-25942,Travis Ellis,22,Female,Single,Student
UR-25656,Claire Berg,28,Male,Married,Employee
UR-26067,Levi Webster,23,Female,Single,Student
UR-25673,Audrey Adams,30,Male,Married,Self Employeed
UR-25797,Pamela Morgan,21,Male,Single,Student
UR-26098,Timothy Nguyen,26,Female,Married,Employee
UR-25656,Kathleen Jones,25,Male,Single,Self Employeed
UR-25791,Susan Jensen,31,Male,Prefer not to say,Employee
UR-26053,Kristopher Johnson,23,Female,Single,Employee
UR-25983,Eric Ford,29,Female,Married,Employee
UR-25743,Wendy Davis,21,Male,Single,Student
UR-25867,Megan Price,20,Male,Single,Student
UR-25973,Erica Hill,22,Male,Single,Employee
UR-25895,Joshua Johnson,30,Female,Married,House wife
UR-26003,Chad Brown,27,Male,Married,Self Employeed
UR-25717,Jason Martinez,23,Male,Single,Student
UR-26064,Carrie Burns,30,Male,Married,Self Employeed
UR-25630,Jason Hernandez,23,Male,Single,Student
UR-26050,Roy Hernandez,28,Female,Married,Employee
UR-25786,Casey Rice,30,Male,Married,Self Employeed
UR-26035,Michael Sanchez,24,Female,Married,Employee
UR-25693,Ricky Johnston,21,Male,Single,Student
UR-25703,Dawn Graves,23,Female,Prefer not to say,Employee
UR-25966,Dr. Heather Johnson,25,Male,Married,Self Employeed
UR-26060,Brad Lucas,24,Female,Single,Employee
UR-25898,Felicia Meyers,26,Male,Married,Employee
UR-25686,Vincent Cox,25,Female,Single,Employee
UR-26051,Ariel Cannon,22,Male,Single,Student
UR-25854,Pamela Lynch,26,Female,Single,Employee
UR-26050,Mr. Robert Cole DDS,23,Male,Single,Employee
UR-25961,Haley Parker,21,Female,Single,Employee
UR-25701,Kari Collins,25,Male,Married,Self Employeed
UR-25970,Katherine Christensen,24,Female,Married,Employee
UR-25933,Alexandra Lowe,22,Male,Married,Student
UR-26081,Gary Powell,23,Female,Single,Student
UR-25650,Mark Wilson,24,Male,Married,Employee
UR-25850,Mary Silva,22,Female,Single,Student
UR-25643,Jeremy Bush,30,Male,Married,Employee
UR-26100,Nancy Lopez,23,Female,Prefer not to say,Employee
UR-25964,Robert Wheeler,19,Male,Single,Student
UR-25676,Lisa Lambert,21,Female,Single,Student
UR-25628,Madison Tucker,23,Male,Single,Student
UR-25891,Mrs. Christine Rodriguez,24,Female,Single,Employee
UR-25903,Joshua Wolf,26,Female,Married,Employee
UR-25851,Kirk Mcmahon,26,Female,Single,Student
UR-26089,Patty Arnold,25,Female,Single,Student
UR-25996,Brooke Zuniga,28,Female,Married,Employee
UR-25881,Stephanie Ayala,25,Female,Single,Student
UR-25621,Michael Rojas,20,Female,Single,Student
UR-25727,Deborah Norton,27,Female,Married,Self Employeed
UR-25843,Jessica Little,25,Female,Married,Employee
UR-26050,Jordan James,24,Female,Single,Student
UR-25741,David Campos,25,Female,Married,Employee
UR-25756,Andrew Patrick,25,Female,Prefer not to say,Employee
UR-25787,George Thompson,24,Female,Married,Student
UR-25603,Dana Rose,24,Male,Single,Student
UR-25655,Larry Miranda,22,Male,Single,Employee
UR-26096,Mariah Mejia,28,Male,Single,Employee
UR-25962,Diana Murphy,25,Female,Single,Employee
UR-26007,John Wagner,22,Male,Single,Student
UR-26088,Alyssa Valdez,22,Female,Single,Student
UR-25673,Mrs. Laurie Campbell,22,Male,Single,Student
UR-25664,Joseph Carney,27,Female,Married,Employee
UR-25642,Denise Murphy,22,Male,Single,Student
UR-25987,Sean Gomez,24,Female,Single,Student
UR-25903,Tiffany Morris,23,Female,Single,Student
UR-25770,Jill Jensen,23,Female,Single,Student
UR-25840,Rebecca Mckenzie,22,Female,Single,Student
UR-25846,Frederick Floyd,23,Male,Single,Student
UR-25745,Mary Dyer,32,Male,Married,Employee
UR-26073,Emily York,25,Female,Married,Student
UR-26030,Alison Young,28,Male,Single,Self Employeed
UR-25678,Robert Michael,21,Female,Single,Student
UR-26035,Christian Haley,24,Male,Single,Student
UR-25896,Kevin Harris,26,Female,Married,Self Employeed
UR-25989,Christopher Davis,32,Male,Married,Employee
UR-26016,Teresa Downs,29,Male,Single,Self Employeed
UR-26009,Andrew Warren,21,Male,Single,Student
UR-25915,Nancy Roberts,24,Female,Single,Self Employeed
UR-25845,Dawn Bryant,26,Male,Prefer not to say,Self Employeed
UR-25645,Donald Morton,21,Male,Married,Employee
UR-25803,Kevin Martin,29,Male,Single,Employee
UR-26030,Katherine Stanley,22,Male,Single,Student
UR-25955,Ronald Mendoza,24,Male,Single,Student
UR-26096,Joshua Rogers,27,Male,Married,Employee
UR-25635,Megan Edwards,23,Female,Single,Student
UR-26038,Rose Pugh,32,Male,Married,Employee
UR-25791,Stephanie Stevens,22,Female,Single,Student
UR-26014,Ryan Hinton,22,Female,Single,Employee
UR-25751,Cynthia Edwards,26,Male,Married,Employee
UR-25962,Charles Kerr,25,Female,Single,Student
UR-26025,Andrew Hensley,20,Male,Single,Student
UR-26048,Mitchell Walker,29,Male,Married,Employee
UR-25635,Richard Hunter,23,Female,Single,Student
UR-25981,Robert Ramirez,25,Male,Single,Self Employeed
UR-25610,Audrey Rosario,29,Female,Married,Employee
UR-25733,Diane Murray,27,Male,Married,Self Employeed
UR-25977,Victor Scott,25,Male,Single,Self Employeed
UR-25655,Kyle Graham,21,Male,Single,Student
UR-25612,Jeffrey Little,23,Male,Single,Student
UR-25608,Brandy Tyler,24,Female,Single,Employee
UR-25752,Gary Neal,22,Male,Married,Self Employeed
UR-25700,Richard Wilkinson,28,Male,Married,Employee
UR-25856,Robert Price,26,Male,Single,Employee
UR-26026,Melissa Taylor,22,Female,Single,Employee
UR-25861,Christopher Navarro,26,Male,Married,Employee
UR-25673,Garrett Nelson,25,Female,Single,Student
UR-25681,Amy Horn MD,20,Male,Single,Student
UR-26051,Melissa Baker,29,Male,Married,Employee
UR-25951,Bradley Simmons,23,Female,Single,Student
UR-25799,Melissa Martin,25,Male,Single,Self Employeed
UR-26053,Veronica Scott,29,Female,Married,Employee
UR-26030,Trevor Ruiz,27,Male,Married,Self Employeed
UR-26054,Dr. Cassandra Jacobs,25,Male,Single,Self Employeed
UR-25696,Gregory Russell,21,Male,Single,Student
UR-25660,Casey Ray,24,Male,Single,Student
UR-25858,Matthew Klein,26,Female,Married,Self Employeed
UR-26045,Misty Ryan,32,Male,Married,Employee
UR-25850,Bailey Ford,29,Male,Single,Self Employeed
UR-25781,Matthew Perkins,21,Male,Single,Student
UR-25918,Nicholas Lane,24,Female,Single,Self Employeed
UR-25971,Margaret Rodriguez,26,Male,Prefer not to say,Self Employeed
UR-25870,Trevor Montgomery,31,Male,Married,Employee
UR-25770,Eddie Moore,29,Male,Single,Employee
UR-25757,Donna Boyd,22,Male,Single,Student
UR-25699,Peggy Russell,24,Male,Single,Student
UR-25776,Travis Hayes DDS,27,Male,Married,Employee
UR-25893,Andrew Green,23,Female,Single,Student
UR-25985,Paul Ferrell,30,Male,Married,Employee
UR-25681,Stephen Brown,22,Female,Single,Student
UR-26063,Melissa Olson,28,Male,Married,Employee
UR-26032,Brandon Pittman,23,Female,Single,Student
UR-26001,Ashley Young,30,Male,Married,Self Employeed
UR-26056,Janet Harris,21,Male,Single,Student
UR-25850,Hayley Zavala,26,Female,Married,Employee
UR-25767,Casey Martinez,25,Male,Single,Self Employeed
UR-25693,Erik Baker,31,Male,Prefer not to say,Employee
UR-25850,Alan Reyes,23,Female,Single,Employee
UR-25796,Daniel Fisher,22,Male,Single,Student
UR-26053,Sydney Stokes,27,Female,Married,Employee
UR-25650,Jacob Flores,22,Male,Single,Student
UR-25961,Jessica Guzman,24,Female,Single,Student
UR-26023,Christina Hendricks,23,Female,Single,Student
UR-25809,Julia Bell,23,Female,Single,Student
UR-25621,Raymond Fernandez,22,Female,Single,Student
UR-25854,Tiffany Stevens,23,Male,Single,Student
UR-26057,Taylor Nelson,23,Male,Single,Student
UR-25688,Madison Dunn,20,Female,Single,Student
UR-25885,Amanda Sawyer,24,Female,Single,Student
UR-25753,Kelly Rodgers,22,Male,Single,Student
UR-25981,Kendra White,22,Female,Single,Student
UR-26055,Jessica Boyd,22,Male,Single,Student
UR-25714,Mrs. Gloria Rivas DVM,27,Female,Married,Employee
UR-26055,Karen Kelly,22,Male,Single,Student
UR-25989,Adam Clark,24,Female,Single,Student
UR-25710,Kristin Trujillo,23,Female,Single,Student
UR-25773,Matthew Morris,23,Female,Single,Student
UR-25661,Mercedes Miles,22,Female,Single,Student
UR-26021,Dana Adams,23,Male,Single,Student
UR-26057,Dawn Gonzalez,23,Male,Single,Student
UR-25858,Alyssa Huerta,21,Male,Single,Student
UR-25857,Vicki Fritz,23,Female,Single,Self Employeed
UR-25656,Steven Cook,24,Female,Single,Student
UR-25999,Kathryn Le,28,Female,Single,Employee
UR-25856,Kathleen Smith,23,Female,Single,Student
UR-25926,Crystal Morgan,25,Male,Single,Student
UR-25728,Cynthia Murphy,21,Female,Single,Student
UR-26076,Robert Pineda,24,Male,Single,Student
UR-25913,James Patterson,22,Male,Single,Student
UR-25703,Elizabeth Wells,22,Female,Single,Student
UR-25858,James Higgins,23,Male,Single,Student
UR-25727,Anita King,21,Male,Single,Student
UR-26020,Jose Chandler,25,Male,Single,Student
UR-26003,Donna Brown,22,Female,Single,Student
UR-25925,Tammy Russell,22,Male,Single,Student
UR-26087,Erica Patterson,23,Female,Single,Employee
UR-25810,Teresa Coleman,22,Male,Single,Student
UR-25858,Valerie Beasley,22,Female,Single,Employee
UR-25861,Marcus Ramirez,22,Male,Single,Student
UR-25661,Jonathan Vasquez,25,Male,Married,Employee
UR-25943,Marc Todd,22,Female,Single,Student
UR-25955,Jordan Peterson,22,Female,Single,Student
UR-26051,Tiffany Martinez,25,Male,Single,Student
UR-25999,Wendy Kirk,25,Male,Single,Student
UR-26083,Chris Lawrence,32,Female,Prefer not to say,House wife
UR-25950,Zachary Lester Jr.,23,Female,Single,Student
UR-25625,Melissa Rios,23,Female,Single,Student
UR-26055,Kimberly Brown,30,Male,Married,Self Employeed
UR-26023,Lauren Peters,23,Male,Single,Student
UR-26010,Keith Evans,23,Male,Single,Student
UR-25955,Robin Pena,22,Female,Single,Student
UR-25900,Debra Velez,22,Male,Single,Student
UR-26089,Christian Bryant,27,Female,Married,Self Employeed
UR-25655,Janet Arnold,24,Female,Single,Student
UR-25979,Laura Quinn,23,Male,Single,Student
UR-26002,Jillian Goodwin,23,Female,Single,Student
UR-25635,Cynthia Moore,22,Female,Single,Student
UR-26084,Michael Jones IV,23,Female,Single,Student
UR-25998,Leslie Sullivan,23,Female,Single,Student
UR-25872,Nicholas Norton,24,Male,Single,Student
UR-25795,Kara Aguilar,25,Male,Single,Student
UR-25902,Andrew Brennan,22,Male,Single,Student
UR-25650,Lauren Dickson,28,Female,Married,Student
UR-25957,Robert Banks,22,Female,Single,Student
UR-25793,Cynthia Nunez,24,Female,Single,Student
UR-25654,James Ward,31,Male,Married,Employee
UR-25750,Jason Gray,25,Male,Single,Student
UR-25835,Juan Armstrong,23,Male,Single,Student
UR-25652,James Haynes,22,Male,Single,Student
UR-26018,Steven Church,23,Male,Single,Student
UR-25750,John Bennett,23,Male,Single,Student
UR-25840,Sue Gonzalez,23,Female,Single,Student
UR-25756,James Ramirez,25,Male,Single,Student
UR-25777,George Jackson,24,Male,Single,Employee
UR-25750,John Sanchez,23,Female,Single,Student
UR-25823,Shannon Rice MD,23,Female,Single,Student
UR-26096,Ryan Tucker,24,Female,Married,Employee
UR-25757,Aaron Lopez,22,Male,Single,Student
UR-25698,Brandon Sanchez,24,Female,Single,Student
UR-25710,Michelle Rodriguez,25,Female,Single,Student
UR-25994,Brandy Sanchez,23,Male,Single,Student
UR-25950,Dr. Anthony Cook DDS,26,Male,Single,Student
UR-25653,Valerie Navarro,24,Female,Single,Student
UR-25785,Angela Martinez,26,Male,Single,Student
UR-25863,Jason Campbell,21,Male,Single,Student
UR-25959,Steven Sanchez,22,Female,Single,Student
UR-25991,Kristie Griffith,24,Male,Single,Student
UR-25680,Benjamin Brewer,24,Male,Single,Student
UR-25910,Robert Morales,23,Female,Single,Student
UR-25737,Steven Jones,23,Male,Single,Student
UR-25853,Ryan Martin,22,Male,Single,Student
UR-26097,Amy Harrison,23,Male,Single,Student
UR-25875,Jeremiah Diaz,24,Female,Single,Student
UR-26031,Steven Wells,24,Male,Single,Student
UR-25773,Laura Turner,25,Male,Single,Student
UR-25840,Diane Campbell,25,Male,Single,Student
UR-25908,Taylor Beltran,28,Male,Married,Self Employeed
UR-26041,Timothy Wilcox,27,Female,Prefer not to say,Employee
UR-26010,Mary Pearson,26,Male,Single,Self Employeed
UR-25640,Bonnie Moore,22,Male,Single,Student
UR-25794,Kathy Gaines,24,Female,Single,Student
UR-25987,Kevin Garcia,23,Male,Single,Student
UR-25615,April Willis,25,Male,Single,Student
UR-25997,Christie Jackson,23,Female,Single,Student
UR-25981,Natalie Ramsey,23,Female,Single,Student
UR-25791,Sheri Browning DDS,26,Male,Married,Employee
UR-25986,Richard Smith,32,Female,Married,House wife
UR-25652,Courtney Page,24,Female,Single,Student
UR-25952,Kathryn Reynolds,23,Male,Single,Student
UR-25898,Melissa Gilbert,22,Female,Single,Employee
UR-25785,Tyler Olson,24,Female,Single,Student
UR-25990,Jennifer Douglas,26,Male,Single,Employee
UR-26091,Wanda Burke,28,Male,Married,Employee
UR-25604,Kyle Allen,26,Male,Single,Employee
UR-25754,Brian Bradley,25,Male,Single,Student
UR-25724,Samantha Good,25,Male,Single,Employee
UR-25757,Scott Thompson,18,Male,Single,Student
UR-25767,Rachel Hill,21,Male,Single,Student
UR-25886,Jacob Guerrero,25,Male,Single,Student
UR-25621,Elizabeth Hamilton,25,Male,Single,Student
UR-25967,Bryan Bell,23,Female,Single,Student
UR-25691,Herbert Watkins,23,Male,Single,Employee
UR-25953,Christopher Delacruz,25,Female,Married,Employee
UR-25651,Thomas Garrett,31,Female,Married,House wife
UR-25828,Christopher Santana,24,Male,Prefer not to say,Self Employeed
UR-25628,Kenneth Williams,32,Female,Married,Employee
UR-25703,Chad Wells DVM,25,Male,Single,Employee
UR-25929,Stephen Holder,27,Female,Married,Self Employeed
UR-25748,Harry Smith,26,Male,Single,Self Employeed
UR-25610,Margaret Smith,26,Female,Single,Self Employeed
UR-25903,Ashley Mejia,32,Male,Married,Employee
UR-25878,Olivia Richmond,24,Male,Married,Self Employeed
UR-26056,Mary Patel,27,Female,Married,Self Employeed
UR-26004,David Elliott,23,Male,Single,Student
UR-25699,Christie Walker,25,Male,Single,Student
UR-26053,Kathryn Robinson,23,Male,Single,Student
UR-25654,Timothy Brown,23,Female,Single,Student
UR-25954,Lance Rogers,28,Male,Married,Employee
UR-25910,Kathleen Perkins,32,Female,Married,Employee
UR-26064,Thomas Howard,23,Male,Single,Student
UR-25983,Anne Diaz,19,Male,Single,Student
UR-26002,Bradley Parker,19,Female,Single,Student
UR-25650,Stephanie Scott,27,Female,Married,Employee
UR-26043,Matthew Burton,25,Male,Single,Self Employeed
UR-25657,Charles Dixon,33,Male,Married,Employee
UR-25838,Mark Lowery,26,Female,Single,Employee
UR-25651,Mr. Andrew Parker,22,Female,Single,Student
UR-25808,Meghan Alvarez,23,Male,Single,Student
UR-25973,Cynthia Wilson,22,Female,Single,Student
UR-25698,Norma Smith,25,Male,Married,Employee
UR-25818,Evan Gonzalez,30,Female,Married,House wife
UR-26061,Dr. Kayla Hernandez DDS,24,Male,Single,Student
UR-25878,Elizabeth Kramer,25,Male,Single,Employee
UR-26054,Alexandria Boyd,23,Male,Single,Student
UR-25809,Terry Hawkins,24,Female,Single,Student
UR-26042,Andre Gonzalez,32,Male,Married,Employee
UR-26008,Earl Becker,22,Male,Single,Student
UR-25927,Roberto Murray,23,Male,Single,Student
UR-26008,Charles Barker,23,Female,Single,Student
UR-25753,Eric Robinson,20,Male,Single,Student
UR-25948,Anita Chen,21,Male,Single,Student
UR-26094,Donna Hebert,24,Female,Married,Self Employeed
UR-25654,Lindsey Edwards,23,Female,Single,Student
UR-25854,Shirley Moyer,25,Male,Single,Employee
UR-25623,Courtney Guzman,32,Female,Married,House wife
UR-25985,Mrs. Kiara Carter,27,Male,Married,Employee
UR-25723,Courtney Edwards,20,Female,Single,Student
UR-25751,Joann Conley,21,Male,Single,Student
UR-26050,Steven Elliott,26,Male,Single,Employee
UR-25800,Nicole Gonzalez,25,Male,Single,Employee
UR-25673,Lisa Jones,26,Male,Single,Employee
UR-26002,Christopher Mendoza,26,Female,Married,Employee
UR-26009,Christian Hall,27,Male,Single,Employee
UR-25754,Anthony Taylor,27,Female,Single,Student
UR-25953,John Morales,24,Female,Single,Student
UR-26039,Heidi Lee,25,Male,Married,Self Employeed
UR-26001,Mary Powers,20,Male,Single,Student
UR-25620,Laura Hall,22,Male,Single,Student
UR-26051,James Sanders,26,Female,Married,Student
UR-25673,Kristin Mitchell,27,Male,Prefer not to say,Employee
UR-25721,Matthew Bullock,25,Female,Single,Student
UR-25764,John Middleton,24,Male,Single,Employee
UR-25645,Mrs. Dominique Brooks,23,Female,Single,Employee
UR-26066,Justin Perez,22,Male,Single,Student
UR-26003,Nicholas Bell,26,Male,Married,Self Employeed
UR-25712,Andrew Wilson,26,Male,Single,Employee
UR-25796,Eric Johnson MD,25,Female,Married,Self Employeed
UR-25738,Jennifer Orr,29,Female,Married,Employee
UR-25771,Emily Leach,23,Male,Single,Student
UR-25950,Bonnie Smith,22,Female,Single,Employee
UR-26038,Brandon Murphy,22,Male,Single,Student
UR-26004,Jessica Howard,32,Female,Married,House wife
UR-25896,David Caldwell,28,Male,Married,Employee
UR-25601,Dwayne Medina,22,Male,Single,Student
UR-25952,Daniel Bryant,25,Male,Single,Employee
UR-25873,Donna Jones,26,Female,Married,Employee
UR-25844,Cassandra Jones,31,Male,Married,Self Employeed
UR-26054,Tammy Jones,24,Male,Single,Student
UR-25953,David Olson DDS,24,Male,Single,Employee
UR-25951,Sara Austin,31,Female,Married,Employee
UR-26065,Michael Green,26,Male,Single,Employee
UR-26033,Leon Poole,24,Female,Married,Self Employeed
UR-25781,Matthew Salas,22,Female,Single,Student
UR-26043,Desiree Reeves,19,Male,Single,Student
UR-25787,Christina Allen,25,Male,Married,Employee
UR-25664,Brandon Yang,23,Female,Married,House wife
UR-25825,Carmen Ramos,23,Female,Single,Student
UR-25818,Leslie Bryant,23,Male,Single,Student
UR-25765,Jacob Vincent,24,Male,Single,Student
UR-25853,Angela Baker,22,Female,Single,Employee
UR-26030,Mary Curtis,26,Male,Married,Employee
UR-25730,Jenna Heath,25,Female,Single,Student
UR-26054,Michael Mccoy,20,Male,Single,Student
UR-25773,Andrew Houston,29,Male,Married,Employee
UR-25717,Robin Koch,23,Female,Single,Student
UR-26010,Nicole Peterson,25,Male,Single,Self Employeed
UR-25893,Katrina Wright,29,Female,Married,Employee
UR-26076,Joshua Schneider,27,Male,Married,Self Employeed
UR-25803,Heather Greene,25,Male,Single,Self Employeed
UR-25709,Tami Foster,21,Male,Single,Student
UR-25755,Mr. Michael Hunter MD,23,Male,Single,Student
UR-25684,Aaron Bowman,24,Female,Single,Employee
UR-25739,Spencer Bowman,32,Male,Married,Self Employeed
UR-26081,Benjamin Brown,28,Male,Married,Employee
UR-25662,Michael Wagner,26,Male,Single,Employee
UR-25845,Larry Black,31,Female,Married,House wife
UR-26085,Courtney Lucas,27,Female,Married,Self Employeed
UR-25745,Kerri David,21,Female,Single,Student
UR-25999,Jason Stevenson,23,Female,Single,Student
UR-26082,Anthony Nash,26,Male,Married,Employee
UR-26097,Larry Melton,32,Male,Married,Employee
UR-25731,Michelle Wilkins,25,Female,Married,Student
UR-25625,David Hunter,28,Male,Single,Self Employeed
UR-25853,Karina Dorsey,21,Female,Single,Student
UR-25703,Michael Wright,24,Male,Single,Student
UR-26003,Alexander Stone,26,Female,Married,Self Employeed
UR-25803,David Lopez,32,Male,Married,Employee
UR-25719,Daniel Russell,29,Male,Single,Self Employeed
UR-25883,Nicholas Carlson DVM,21,Male,Single,Student
UR-25891,Carol Martinez,24,Female,Single,Self Employeed
UR-25821,Brandon Melton,26,Male,Prefer not to say,Self Employeed
UR-25646,Melissa Johnson,25,Male,Married,Employee
UR-25874,April Fisher MD,29,Male,Single,Employee
UR-25717,Jacqueline Arnold,22,Male,Single,Student
UR-26073,Lucas Fitzpatrick,24,Male,Single,Student
UR-25800,Angel Wood,27,Male,Married,Employee
UR-25991,Devon Bennett,23,Female,Single,Student
UR-25638,Lauren Mccall,32,Male,Married,Employee
UR-26021,Samantha Nichols,22,Female,Single,Student
UR-25882,Heather White,28,Male,Married,Employee
UR-26053,Tanner Gonzales,23,Female,Single,Student
UR-25951,Yvonne Smith,30,Male,Married,Self Employeed
UR-25757,Cristian Todd,21,Male,Single,Student
UR-25777,Dr. Corey Romero,26,Female,Married,Employee
UR-26040,Richard Murray,25,Male,Single,Self Employeed
UR-25696,Donna Hall,31,Male,Prefer not to say,Employee
UR-25977,Annette Thomas,23,Female,Single,Employee
UR-25743,David Adams,29,Female,Married,Employee
UR-25651,Christopher Banks,21,Male,Single,Student
UR-25603,Steven Hernandez,20,Male,Single,Student
UR-25696,Albert Wilson,22,Male,Single,Employee
UR-26037,Maria Dominguez,30,Female,Married,House wife
UR-26098,Dawn Payne,27,Male,Married,Self Employeed
UR-25697,Victoria Cruz,23,Male,Single,Student
UR-25920,Rodney Petty,30,Male,Married,Self Employeed
UR-25993,Jack Cole,23,Male,Single,Student
UR-26089,Don Martinez,28,Female,Married,Employee
UR-25960,Timothy Thomas,30,Male,Married,Self Employeed
UR-25917,Randy Key,24,Female,Married,Employee
UR-25825,Justin Payne,21,Male,Single,Student
UR-25696,Roger Walters,23,Female,Prefer not to say,Employee
UR-25972,Andrew Todd,25,Male,Married,Self Employeed
UR-25602,Jamie Smith,24,Female,Single,Employee
UR-25736,Darren Marks,26,Male,Married,Employee
UR-26003,Ashley Cross,25,Female,Single,Employee
UR-25970,Tyler Klein,22,Male,Single,Student
UR-25742,Patricia Gibson,26,Female,Single,Employee
UR-25770,Tammy Taylor,23,Male,Single,Employee
UR-26098,Stacey Burgess,21,Female,Single,Employee
UR-26050,Jermaine Kane,25,Male,Married,Self Employeed
UR-25778,Mrs. Erica Myers,24,Female,Married,Employee
UR-25652,David Rodriguez,22,Male,Married,Student
UR-25999,Catherine Carson,23,Female,Single,Student
UR-25909,Troy Harris,24,Male,Married,Employee
UR-25823,Michael Hayes,22,Female,Single,Student
UR-25701,Manuel Porter,30,Male,Married,Employee
UR-25855,Sergio Hernandez,23,Female,Prefer not to say,Employee
UR-25654,Danielle Baker,19,Male,Single,Student
UR-25623,Dustin Wright,21,Female,Single,Student
UR-25641,Chad Jackson,23,Male,Single,Student
UR-25852,Jennifer Ford,24,Female,Single,Employee
UR-25958,Erica Buck,26,Female,Married,Employee
UR-25802,Richard Camacho,26,Female,Single,Student
UR-25823,Michele Salinas,25,Female,Single,Student
UR-25834,Penny Robinson,28,Female,Married,Employee
UR-25678,Michael Diaz,25,Female,Single,Student
UR-25774,Antonio Ho,20,Female,Single,Student
UR-25904,Mallory Rivera,27,Female,Married,Self Employeed
UR-25896,Timothy Bauer,25,Female,Married,Employee
UR-25796,Norman Bowen DDS,24,Female,Single,Student
UR-25934,James Branch,25,Female,Married,Employee
UR-25750,Cynthia Logan,25,Female,Prefer not to say,Employee
UR-25761,Scott Reeves,24,Female,Married,Student
UR-25912,Ms. Jill Kelly,24,Male,Single,Student
UR-25751,Timothy English,22,Male,Single,Employee
UR-25656,Dana Rios,28,Male,Single,Employee
UR-25647,Daniel Ford,25,Female,Single,Employee
UR-25861,David Hansen,22,Male,Single,Student
UR-25802,Benjamin Cooper,22,Female,Single,Student
UR-25901,Daniel Thomas,22,Male,Single,Student
UR-25623,Kristin Martinez,27,Female,Married,Employee
UR-25751,Crystal Williams,22,Male,Single,Student
UR-26052,Michelle Perez,24,Female,Single,Student
UR-25886,Raymond Shepherd,23,Female,Single,Student
UR-25804,Eric Briggs,23,Female,Single,Student
UR-25734,Abigail James,22,Female,Single,Student
UR-25610,Allison Marsh,23,Male,Single,Student
UR-25711,Christie Gomez,32,Male,Married,Employee
UR-25985,Richard Wilson,25,Female,Married,Student
UR-25864,Michael Miller,28,Male,Single,Self Employeed
UR-25648,Brandon Rivera,21,Female,Single,Student
UR-26086,John Vasquez,24,Male,Single,Student
UR-25835,Jeremiah Floyd,26,Female,Married,Self Employeed
UR-25949,Jason Johnson,32,Male,Married,Employee
UR-25930,Phyllis Proctor,29,Male,Single,Self Employeed
UR-25655,Terry Thompson,21,Male,Single,Student
UR-25757,Willie Schmidt,24,Female,Single,Self Employeed
UR-25655,Thomas Griffin,26,Male,Prefer not to say,Self Employeed
UR-26033,Janet Curtis DDS,21,Male,Married,Employee
UR-26083,James Washington,29,Male,Single,Employee
UR-25805,Thomas Carey,22,Male,Single,Student
UR-25955,Stephanie Jones,24,Male,Single,Student
UR-25762,Candace Griffin,27,Male,Married,Employee
UR-25919,Jennifer Lane,23,Female,Single,Student
UR-25853,Michael Navarro,32,Male,Married,Employee
UR-25925,Shawn Sanders,22,Female,Single,Student
UR-26023,Jeffrey Cunningham,22,Female,Single,Employee
UR-26055,Joshua Rice,26,Male,Married,Employee
UR-25653,Marie Holmes,25,Female,Single,Student
UR-25893,Daniel Wagner,20,Male,Single,Student
UR-26052,Colleen Webb,29,Male,Married,Employee
UR-25830,Jose Martin MD,23,Female,Single,Student
UR-26040,Joseph Hernandez,25,Male,Single,Self Employeed
UR-25981,Stephen Harris,29,Female,Married,Employee
UR-25954,Cody Knapp,27,Male,Married,Self Employeed
UR-25889,Jessica Benson,25,Male,Single,Self Employeed
UR-25810,Heidi Palmer,21,Male,Single,Student
UR-25637,Brandon Mooney,23,Male,Single,Student
UR-25801,Crystal Harris,24,Female,Single,Employee
UR-25783,Charles Holmes,22,Male,Married,Self Employeed
UR-25697,Sabrina Evans,28,Male,Married,Employee
UR-26028,James Price,26,Male,Single,Employee
UR-25851,Kenneth Daniel,22,Female,Single,Employee
UR-25938,Gina Marks,26,Male,Married,Employee
UR-25820,John Evans,25,Female,Single,Student
UR-25850,Ms. Carla English MD,20,Male,Single,Student
UR-25924,Kristy Burns,29,Male,Married,Employee
UR-25609,Elizabeth Mueller,23,Female,Single,Student
UR-25898,Stephanie Thomas,25,Male,Single,Self Employeed
UR-25814,Stephanie Norris,29,Female,Married,Employee
UR-26087,Susan Brown,27,Male,Married,Self Employeed
UR-25901,Kelly Calhoun,25,Male,Single,Self Employeed
UR-26025,Gary Bullock,21,Male,Single,Student
UR-25631,Michelle Steele,24,Male,Single,Student
UR-25954,Howard Davidson,26,Female,Married,Self Employeed
UR-25956,Megan Benton,32,Male,Married,Employee
UR-26096,Stuart Peterson,29,Male,Single,Self Employeed
UR-25862,Benjamin Gonzalez,21,Male,Single,Student
UR-26054,Vanessa Cook,24,Female,Single,Self Employeed
UR-25698,Shawn Stark,26,Male,Prefer not to say,Self Employeed
UR-25606,Gary Mccoy,31,Male,Married,Employee
UR-25928,Aaron Massey,29,Male,Single,Employee
UR-26005,Tanner Beck,22,Male,Single,Student
UR-25963,Jeffery Spencer,24,Male,Single,Student
UR-25952,Gwendolyn Holmes,27,Male,Married,Employee
UR-25683,Kimberly Velasquez,23,Female,Single,Student
UR-25914,Michelle Martin,30,Male,Married,Employee
UR-25828,David Brown,22,Female,Single,Student
UR-25743,Bryan Jackson,28,Male,Married,Employee
UR-26085,Alejandra Nolan,23,Female,Single,Student
UR-25869,Frank Adams,30,Male,Married,Self Employeed
UR-25773,Michelle Wilson,21,Male,Single,Student
UR-25700,Allison Anderson,26,Female,Married,Employee
UR-25921,Kimberly Williams,25,Male,Single,Self Employeed
UR-25730,Anthony Mitchell,31,Male,Prefer not to say,Employee
UR-26083,Alicia Elliott,23,Female,Single,Employee
UR-25849,Cynthia Taylor,22,Male,Single,Student
UR-25909,Mark Mitchell,27,Female,Married,Employee
UR-26038,James Johnson,22,Male,Single,Student
UR-25999,Susan Gregory,24,Female,Single,Student
UR-25928,Gabriel Henry,23,Female,Single,Student
UR-25878,Jeffrey Turner,23,Female,Single,Student
UR-25843,Joshua Gonzalez,22,Female,Single,Student
UR-25959,Pamela Schneider,23,Male,Single,Student
UR-25630,Claudia Evans,23,Male,Single,Student
UR-25858,Anthony Sutton,20,Female,Single,Student
UR-26096,Crystal Thompson,24,Female,Single,Student
UR-25838,Samantha Dixon,22,Male,Single,Student
UR-25943,Colin Haynes,22,Female,Single,Student
UR-25780,Wendy Davis,22,Male,Single,Student
UR-25949,Roger Dorsey,27,Female,Married,Employee
UR-25892,Joshua Powell,22,Male,Single,Student
UR-26054,Dustin Mayer,24,Female,Single,Student
UR-25988,Cindy Schroeder,23,Female,Single,Student
UR-25939,Lee Adams,23,Female,Single,Student
UR-26083,Rebecca Grant,22,Female,Single,Student
UR-26078,Raymond Aguilar,23,Male,Single,Student
UR-25902,Marisa Gomez,23,Male,Single,Student
UR-25676,David Harris,21,Male,Single,Student
UR-26016,Victoria Alvarez,23,Female,Single,Self Employeed
UR-25950,Patricia Price,24,Female,Single,Student
UR-26056,Bryan Wang,28,Female,Single,Employee
UR-25645,Maria Bautista,23,Female,Single,Student
UR-25906,Christy Jackson,25,Male,Single,Student
UR-26017,Virginia Walker,21,Female,Single,Student
UR-25644,Karen Meyer,24,Male,Single,Student
UR-25679,James Mathews,22,Male,Single,Student
UR-25854,Cassandra Parsons,22,Female,Single,Student
UR-25670,Jonathan Grant,23,Male,Single,Student
UR-25792,Jenna Anderson,21,Male,Single,Student
UR-25808,Christopher Scott,25,Male,Single,Student
UR-25750,Jack Anderson,22,Female,Single,Student
UR-26051,Emily Mason,22,Male,Single,Student
UR-26076,Jeffrey Long,23,Female,Single,Employee
UR-25946,Andrea Hawkins,22,Male,Single,Student
UR-25648,Cody Parker,22,Female,Single,Employee
UR-25992,Julie Rodriguez,22,Male,Single,Student
UR-25848,Matthew Paul,25,Male,Married,Employee
UR-25697,Erika Scott,22,Female,Single,Student
UR-25659,William Moore,22,Female,Single,Student
UR-25716,Chris Hill,25,Male,Single,Student
UR-25652,Jennifer Alexander,25,Male,Single,Student
UR-26093,Michael Sampson,32,Female,Prefer not to say,House wife
UR-25725,Heather Braun,23,Female,Single,Student
UR-25661,Cynthia Wallace,23,Female,Single,Student
UR-25693,Tamara Pittman,30,Male,Married,Self Employeed
UR-25910,Steve Frazier,23,Male,Single,Student
UR-25943,Kenneth Tran,23,Male,Single,Student
UR-26100,Billy Perkins,22,Female,Single,Student
UR-25830,Emily Gonzales,22,Male,Single,Student
UR-25932,Megan Jones,27,Female,Married,Self Employeed
UR-25929,Tony Williams,24,Female,Single,Student
UR-25708,Pedro Perry,23,Male,Single,Student
UR-25921,Allison Williams,23,Female,Single,Student
UR-25755,James Khan,22,Female,Single,Student
UR-25640,Adam Jones,23,Female,Single,Student
UR-25838,Jackson Day,23,Female,Single,Student
UR-26025,Kellie Charles,24,Male,Single,Student
UR-25789,Nicholas Harper,25,Male,Single,Student
UR-25697,Sally Mitchell,22,Male,Single,Student
UR-25797,William Brown DVM,28,Female,Married,Student
UR-26064,Michelle Walker,22,Female,Single,Student
UR-25732,Barry Hines,24,Female,Single,Student
UR-25654,Rebecca Johnson,31,Male,Married,Employee
UR-25750,Pamela Valenzuela,25,Male,Single,Student
UR-25751,Valerie Maddox,23,Male,Single,Student
UR-25889,Nicholas Snyder,22,Male,Single,Student
UR-25683,Adam Wright,23,Male,Single,Student
UR-25602,Adrienne Mitchell,23,Male,Single,Student
UR-25871,Jennifer Mccullough,23,Female,Single,Student
UR-25953,Carrie Garner,25,Male,Single,Student
UR-25950,Jacqueline Smith,24,Male,Single,Employee
UR-26091,Eric Perez,23,Female,Single,Student
UR-25753,Terry Jenkins,23,Female,Single,Student
UR-25611,James Aguilar,24,Female,Married,Employee
UR-25935,Lauren Lloyd,22,Male,Single,Student
UR-25886,Michael Richardson,24,Female,Single,Student
UR-25833,Angela Carlson,25,Female,Single,Student
UR-25665,Sandra Torres,23,Male,Single,Student
UR-25694,Mary Grant,26,Male,Single,Student
UR-25668,Paul Santana,24,Female,Single,Student
UR-25945,Andrea Lowe,26,Male,Single,Student
UR-25954,Lori Bryant,21,Male,Single,Student
UR-25818,Mr. Nathan Hobbs,22,Female,Single,Student
UR-25861,Derek Ellison,24,Male,Single,Student
UR-25721,Elizabeth Rowe,24,Male,Single,Student
UR-26024,Wesley Huff,23,Female,Single,Student
UR-26056,Patrick Davis,23,Male,Single,Student
UR-26050,Andrew Weaver,22,Male,Single,Student
UR-25708,Michael Schneider,23,Male,Single,Student
UR-25651,Cassandra Jenkins,24,Female,Single,Student
UR-25616,Corey Yoder,24,Male,Single,Student
UR-25827,Jesse Zuniga,25,Male,Single,Student
UR-25996,Gary Sweeney,25,Male,Single,Student
UR-25830,Sara Peterson,28,Male,Married,Self Employeed
UR-25951,Joshua Mckinney,27,Female,Prefer not to say,Employee
UR-25713,Dustin Cross,26,Male,Single,Self Employeed
UR-25678,William Allison,22,Male,Single,Student
UR-25901,Tina Hughes,24,Female,Single,Student
UR-25798,Keith Miller,23,Male,Single,Student
UR-25902,Heidi Everett,25,Male,Single,Student
UR-25851,Zachary Garcia,23,Female,Single,Student
UR-25944,Jason Cardenas,23,Female,Single,Student
UR-25939,Gwendolyn Potter,26,Male,Married,Employee
UR-25656,Brianna Tucker DDS,32,Female,Married,House wife
UR-25695,Isaac Scott,24,Female,Single,Student
UR-25781,Brittney Sellers,23,Male,Single,Student
UR-25783,Jennifer Thompson,22,Female,Single,Employee
UR-25867,Mallory Williams,24,Female,Single,Student
UR-25993,Michael Brown,26,Male,Single,Employee
UR-25755,Katherine Park,28,Male,Married,Employee
UR-25880,Stephanie Russell,26,Male,Single,Employee
UR-25941,David Boyd,25,Male,Single,Student
UR-25757,Cody Mercer,25,Male,Single,Employee
UR-25754,Carly Sandoval,18,Male,Single,Student
UR-25653,Eddie Elliott,21,Male,Single,Student
UR-25821,Jason Smith,25,Male,Single,Student
UR-25706,Nicole Gilmore,25,Male,Single,Student
UR-26064,Shannon Case,23,Female,Single,Student
UR-25803,Michael Carter,23,Male,Single,Employee
UR-26076,Anne Cook,25,Female,Married,Employee
UR-25603,Shawn Lucas,31,Female,Married,House wife
UR-25903,Joanna Weaver,24,Male,Prefer not to say,Self Employeed
UR-25938,Douglas Fletcher,32,Female,Married,Employee
UR-25868,Tracy Watson,25,Male,Single,Employee
UR-25956,Brian Morris,27,Female,Married,Self Employeed
UR-25652,Nicholas Summers,26,Male,Single,Self Employeed
UR-25883,Mark Greene,26,Female,Single,Self Employeed
UR-26096,Levi Jones,32,Male,Married,Employee
UR-25969,Todd Vance,24,Male,Married,Self Employeed
UR-25951,Kenneth Gibson,27,Female,Married,Self Employeed
UR-25855,Nicholas Campbell,23,Male,Single,Student
UR-26091,Laura Davis,25,Male,Single,Student
UR-25954,Michael Schaefer,23,Male,Single,Student
UR-25763,Joseph Watson,23,Female,Single,Student
UR-25945,Charles Meyers,28,Male,Married,Employee
UR-25740,Angel Young,32,Female,Married,Employee
UR-25818,Leonard Lopez,23,Male,Single,Student
UR-25603,Randy Meyer,19,Male,Single,Student
UR-25964,Keith Watson,19,Female,Single,Student
UR-25930,Natalie Sanchez,27,Female,Married,Employee
UR-25930,Mario Berger,25,Male,Single,Self Employeed
UR-25879,Jacob Landry,33,Male,Married,Employee
UR-25903,Shannon White,26,Female,Single,Employee
UR-25614,Rickey Lyons,22,Female,Single,Student
UR-25750,Jesse Stokes,23,Male,Single,Student
UR-25852,Deborah Hansen,22,Female,Single,Student
UR-26008,John Elliott,25,Male,Married,Employee
UR-26092,Michelle Sims,30,Female,Married,House wife
UR-25689,Jared Long,24,Male,Single,Student
UR-25730,David Fisher,25,Male,Single,Employee
UR-25885,Derrick Meyer,23,Male,Single,Student
UR-25999,Chelsey Green,24,Female,Single,Student
UR-26011,Jennifer Reyes,32,Male,Married,Employee
UR-25754,Sherry Hill,22,Male,Single,Student
UR-26030,Andre Lang,23,Male,Single,Student
UR-25851,Gregory Escobar,23,Female,Single,Student
UR-25870,Cody Smith,20,Male,Single,Student
UR-26074,Sandra Chang,21,Male,Single,Student
UR-25861,Gregory Hansen,24,Female,Married,Self Employeed
UR-25797,Margaret Brown,23,Female,Single,Student
UR-25993,Amanda Jordan,25,Male,Single,Employee
UR-25799,Toni Ferguson,32,Female,Married,House wife
UR-25721,Tina Burns,27,Male,Married,Employee
UR-26056,Mark Sanders,20,Female,Single,Student
UR-25743,Lisa Smith,21,Male,Single,Student
UR-25854,Daniel Cunningham,26,Male,Single,Employee
UR-25748,Leah Wright,25,Male,Single,Employee
UR-25976,Phyllis Calderon,26,Male,Single,Employee
UR-25953,Adam Jackson,26,Female,Married,Employee
UR-25996,Rachel Jordan,27,Male,Single,Employee
UR-25717,Victoria Mccann,27,Female,Single,Student
UR-25865,Karen Rogers,24,Female,Single,Student
UR-25959,Veronica Carter,25,Male,Married,Self Employeed
UR-25855,Michelle Alexander,20,Male,Single,Student
UR-25703,Pamela Richards,22,Male,Single,Student
UR-26049,Miranda Winters,26,Female,Married,Student
UR-25755,Jason Martinez,27,Male,Prefer not to say,Employee
UR-26070,Raymond Russell,25,Female,Single,Student
UR-25755,Ian Joseph,24,Male,Single,Employee
UR-26047,Joanna Lynch,23,Female,Single,Employee
UR-25604,Samuel Calderon,22,Male,Single,Student
UR-25651,Meredith Mitchell,26,Male,Married,Self Employeed
UR-25983,Rebecca Foley,26,Male,Single,Employee
UR-26056,Louis Jackson,25,Female,Married,Self Employeed
UR-25940,Charles James,29,Female,Married,Employee
UR-25766,Joseph Donovan,23,Male,Single,Student
UR-25935,Andrew Arnold,22,Female,Single,Employee
UR-25970,Benjamin Gutierrez,22,Male,Single,Student
UR-26053,Megan Warren,32,Female,Married,House wife
UR-25947,Janice Cannon,28,Male,Married,Employee
UR-25856,Kelli Montes,22,Male,Single,Student
UR-26030,Kevin Wilson,25,Male,Single,Employee
UR-26069,Mr. Matthew Buchanan,26,Female,Married,Employee
UR-25653,Barry Mccoy,31,Male,Married,Self Employeed
UR-25627,Carolyn Snyder,24,Male,Single,Student
UR-25947,Gregory Reynolds,24,Male,Single,Employee
UR-25801,Julie Jones,31,Female,Married,Employee
UR-25964,Benjamin Long,26,Male,Single,Employee
UR-25950,Anthony Curtis,24,Female,Married,Self Employeed
UR-25878,Thomas Smith,22,Female,Single,Student
UR-25773,Veronica Cooper,19,Male,Single,Student
UR-26081,Jeffrey Sherman,25,Male,Married,Employee
UR-26027,Jennifer Watson,23,Female,Married,House wife
UR-25967,Samantha Williams,23,Female,Single,Student
UR-25901,Melissa Foster,23,Male,Single,Student
UR-25951,Victoria Chase,24,Male,Single,Student
UR-25853,Rhonda Wong,22,Female,Single,Employee
UR-25923,Ryan Ward,26,Male,Married,Employee
UR-25793,Karen Kirk,25,Female,Single,Student
UR-26068,John Morrow,20,Male,Single,Student
UR-26080,Joanne Singleton,29,Male,Married,Employee
UR-25843,Jacob Medina,23,Female,Single,Student
UR-26002,Julie Mercado,25,Male,Single,Self Employeed
UR-25993,Nathaniel Kane,29,Female,Married,Employee
UR-26070,Hannah Williams,27,Male,Married,Self Employeed
UR-25887,Nicole Mitchell,25,Male,Single,Self Employeed
UR-25654,Rachel Curtis,21,Male,Single,Student
UR-25898,Kelli Fitzpatrick,23,Male,Single,Student
UR-25664,Matthew Peterson,24,Female,Single,Employee
UR-26012,Teresa Robertson,32,Male,Married,Self Employeed
UR-25979,Henry Clark,28,Male,Married,Employee
UR-26054,Kenneth Fitzgerald,26,Male,Single,Employee
UR-25757,Mrs. Elizabeth Sanchez,31,Female,Married,House wife
UR-25623,Brooke Miller,27,Female,Married,Self Employeed
UR-25824,Christine Foster,21,Female,Single,Student
UR-25754,Marc Gamble,23,Female,Single,Student
UR-25693,Mr. Robert Wade,26,Male,Married,Employee
UR-25638,Kelly Cox,32,Male,Married,Employee
,Dennis Hunter,25,Female,Married,Student
